CustomerID,TotalDue
29818,989184.0819999999
29715,961675.8596
29722,954021.9235
30117,919801.8188
29614,901346.856
29639,887090.4106
29701,841866.5522
29617,834475.9271
29994,824331.7681999999
29646,820383.5466
